word, R, G, B, OOV
Blue,48.2377286185,8.30992835963,-43.1794970241,False
Red,43.1176332638,52.6185787862,40.0682131288,False
Green,67.9838741813,-46.4966125851,48.4275785123,False
Banana,80.9539570149,-14.1505924264,54.8883568977,False
LawnGreen,70.7607152978,-44.8313558906,51.9021880373,False
MintCream,84.1780118135,-30.3571070509,31.7306795811,False
